<?xml version="1.0" encoding="utf-8" standalone="yes" ?>
<rss version="2.0" xmlns:atom="http://www.w3.org/2005/Atom">
  <channel>
    <title>Publication_types on Qian Yang</title>
    <link>https://cv.qqy.pw/publication_types/</link>
    <description>Recent content in Publication_types on Qian Yang</description>
    <generator>Hugo -- gohugo.io</generator>
    <language>en-us</language>
    <copyright>&amp;copy; 2019 Qian Yang</copyright>
    <lastBuildDate>Sat, 01 Dec 2018 00:00:00 +0000</lastBuildDate>
    
	<atom:link href="https://cv.qqy.pw/publication_types/index.xml" rel="self" type="application/rss+xml" />
    
    
    <item>
      <title>1</title>
      <link>https://cv.qqy.pw/publication_types/1/</link>
      <pubDate>Sat, 01 Dec 2018 00:00:00 +0000</pubDate>
      
      <guid>https://cv.qqy.pw/publication_types/1/</guid>
      <description></description>
    </item>
    
    <item>
      <title>2</title>
      <link>https://cv.qqy.pw/publication_types/2/</link>
      <pubDate>Sat, 01 Jun 2019 00:00:00 +0000</pubDate>
      
      <guid>https://cv.qqy.pw/publication_types/2/</guid>
      <description></description>
    </item>
    
  </channel>
</rss>